Id,Attribute,Definition,Synonyms,Antonyms
1,abandoned,forsaken by owner or inhabitants,"[161, 162, 163, 164, 165]", 
2,accepted,generally approved or compelling recognition,"[166, 167, 168]", 
3,aggressive,characteristic of an enemy or one eager to fight,"[169, 70, 170, 171, 172, 173, 174, 175, 176, 177, 178, 179, 180, 181, 182, 183, 184, 185, 186, 187]","[117, 1125, 873, 1039]"
4,agitated,physically disturbed or set in motion,"[53, 188, 189, 190, 191, 192, 193, 194, 195, 196, 197, 198, 199, 200, 201, 202, 203, 115, 204, 205]","[859, 1012, 1126, 1127, 1128, 1014, 1129]"
5,alienated,socially disoriented,"[206, 207, 208, 209, 210]", 
6,amazed,filled with the emotional impact of overwhelming surprise,"[211, 12, 212, 213, 214]", 
7,amused,pleasantly occupied,"[215, 216, 217]", 
8,anxious,causing or fraught with or showing nervousness,"[42, 218, 219, 108, 220, 221, 222, 223, 224]", 
9,apathetic,showing little or no emotion or animation,"[77, 225, 226]", 
10,ardent,characterized by intense emotion,"[227, 228, 218, 229, 230, 55, 56, 231, 74, 232, 233]", 
11,ashamed,feeling guilt or embarrassment or remorse,"[65, 234, 45, 235, 236, 237, 238, 239, 71, 240, 241, 242, 243]","[1130, 1131, 1132, 1133, 1134, 1135, 1136, 1137, 1138, 1139, 1140]"
12,astonished,filled with the emotional impact of overwhelming surprise,"[211, 6, 212, 213, 214]", 
13,aversion,a feeling of intense dislike,"[211, 6, 212, 213, 214]", 
14,avoidance,the act of deliberately preventing or keeping away from, , 
15,awed,inspired by a feeling of fearful wonderment or reverence, , 
16,awful,exceptionally bad or displeasing,"[16, 244, 245, 246, 247]","[1141, 390, 391]"
17,blase,nonchalantly unconcerned,"[248, 249, 250, 251, 252, 253, 254, 255, 256, 15, 257, 258, 259, 260, 261, 262, 263, 264, 265, 266]","[1142, 1143]"
18,bored,tired of the world,"[267, 18, 268, 269, 226]", 
19,cantankerous,stubbornly obstructive and unwilling to cooperate,"[270, 226, 17, 271]", 
20,choleric,characterized by anger,"[272, 273, 274, 275, 276, 27, 113]", 
21,churlish,having a bad disposition; surly,"[277, 229, 274, 87, 278, 279, 280, 281]", 
22,cocky,overly self-confident or self-assertive,"[282, 274]", 
23,confident,having or marked by assurance,"[172, 283, 284]", 
24,confused,unable to think with clarity or act intelligently,"[285, 286, 287, 288, 289, 290, 291, 292, 293, 294, 295, 296, 297]",[1063]
25,courageous,able to face and deal with danger or fear without flinching,"[298, 299, 300, 301, 302, 303, 304, 305, 306, 307, 308, 309, 310, 311, 312, 313, 314, 315, 316, 317]","[1144, 1145]"
26,critical,marked by a tendency to find and call attention to flaws,"[318, 319, 320, 321, 322, 323, 324, 325, 326, 327, 328, 329, 330, 331, 332, 333, 334, 335, 336, 337]","[383, 151, 1061, 1146, 1147, 1064, 1065, 1148, 1149, 1150, 1151, 1152, 1153]"
27,crotchety,having a difficult and contrary disposition,"[75, 338, 339, 340, 341, 342, 343, 344, 345, 346, 347, 348, 321, 261, 349, 350, 351, 352, 353, 354]","[1154, 1155, 1156, 1157]"
28,depressed,filled with melancholy and despondency,"[274, 19, 113]", 
29,despair,a state in which all hope is lost or absent,"[355, 356, 357, 358, 359, 360, 361, 362, 363, 364, 365, 366]", 
30,despondent,without or almost without hope, , 
31,detestable,offensive to the mind,"[367, 368]", 
32,devastate,overwhelm or overpower,"[170, 66, 369, 252, 370, 371, 372, 132, 373]", 
33,disappointed,sadly unsuccessful, , 
34,disapproving,expressing or manifesting disapproval,"[374, 375, 59, 376, 377, 378]", 
35,discombobulated,having self-possession upset; thrown into confusion,"[379, 380]", 
36,disgust,strong feelings of dislike,"[381, 194]", 
37,disillusioned,freed from false ideas, , 
38,dismayed,"struck with fear, dread, or consternation",[382], 
39,disrespectful,exhibiting lack of regard; rude and discourteous,"[383, 140, 384, 385]", 
40,distant,remote in manner,"[170, 386, 387, 388, 389, 390, 391, 392, 393, 394, 395, 396, 397, 398, 399, 400, 401, 402, 403, 404]","[562, 244, 1158, 1159, 1160, 1161, 1162, 1163]"
41,dubious,fraught with uncertainty or doubt,"[405, 406, 407, 408, 409, 410, 411, 412, 413, 414, 415, 416, 417, 418, 419, 420, 421]","[671, 86, 1164, 1165, 1166, 1167, 1168, 1169, 1170, 1171, 1172, 1173, 1174, 1175, 1176, 1177, 1178, 1179, 1180, 1181]"
42,eager,having or showing keen interest or intense desire,"[422, 423, 424, 425, 426, 427, 428, 429]", 
43,ecstatic,feeling great rapture or delight,"[430, 8, 218, 219, 220, 230, 188, 431, 432]","[1182, 1183]"
44,elation,a feeling of joy and pride,"[433, 434, 435, 436, 437]", 
45,embarrassed,feeling or caused to feel uneasy and self-conscious, , 
46,embarrassment,the shame felt when inadequacy or guilt is made public,"[11, 438, 240, 71, 439, 194]", 
47,emotive,characterized by feeling, , 
48,empty,void of emotion,"[196, 440, 441]", 
49,enamored,marked by foolish or unreasoning fondness,"[442, 443, 444, 445, 446, 447, 448, 449, 450, 451, 452, 453, 454, 455, 456, 457, 458, 459, 460, 461]","[1184, 1185, 1186, 1187, 1188, 1189, 1190, 1191, 1192, 1193, 1194, 1195, 1196, 1197, 1198, 1199, 1200, 1201, 1202, 1203]"
50,energetic,possessing or displaying forceful exertion,"[462, 101, 463, 464, 465, 466, 467]", 
51,enraged,marked by extreme anger,"[468, 469, 470, 471, 472, 473, 474, 475, 476, 477, 478, 479, 480, 481, 482, 483, 484, 485, 333, 486]","[1204, 313, 97, 1205, 1206, 1207, 743, 1208, 1209]"
52,enthusiasm,a feeling of excitement,"[277, 61, 487, 80, 488, 489]", 
53,excited,in an aroused state,"[277, 61, 487, 80, 488, 489]", 
54,exultation,the utterance of sounds expressing great joy, , 
55,fervent,characterized by intense emotion,"[490, 102, 108, 491, 492, 493, 4, 220, 191, 494, 495, 196, 496, 198, 497, 498, 499, 500, 190, 501]",[1129]
56,fervid,characterized by intense emotion, , 
57,festive,offering fun and gaiety,"[430, 229, 10, 231, 56, 74, 232, 233]", 
58,frightened,made afraid,"[430, 229, 10, 231, 55, 74, 232, 233]", 
59,frustrated,disappointingly unsuccessful,"[502, 470, 433, 503]", 
60,fulfilled,completed to perfection,"[383, 137, 148, 504, 505, 506, 507]", 
61,furious,marked by extreme anger,"[33, 374, 375, 376, 377, 378]", 
62,fury,a feeling of intense anger,[508], 
63,gleeful,full of high-spirited delight,"[490, 509, 277, 510, 487, 488, 51, 511, 512, 80, 489, 513, 514, 515]", 
64,grief,intense sorrow caused by loss of a loved one, , 
65,guilty,showing a sense of wrongness,"[433, 92, 516, 93]", 
66,hateful,evoking or deserving hatred, , 
67,hesitant,unable to act or decide quickly or firmly,"[517, 11, 518, 241, 519, 520, 521, 522, 523, 524, 525, 526, 527, 528, 529, 530, 531, 239, 532, 533]","[1210, 1211, 1212, 1213, 1214, 1215, 1216, 1217, 1218, 1219, 1220]"
68,histrionic,overly dramatic or emotional,"[248, 16, 70, 170, 252, 31, 371, 534, 369, 535, 536, 537]","[1221, 101, 1222, 863, 1223, 1224, 1225, 1226, 1227, 770, 1228]"
69,hopeful,having or manifesting optimism,"[538, 539]", 
70,hostile,characterized by enmity or ill will,"[540, 541]", 
71,humiliated,subdued or brought low in condition or status,"[227, 542, 543, 544, 545, 546, 547, 112]","[1229, 937, 367, 1230, 1231, 30, 1232, 1233, 1234, 1235]"
72,hurt,psychological suffering,"[227, 542, 543, 544, 545, 546, 547, 112]","[1229, 937, 367, 1230, 1231, 30, 1232, 1233, 1234, 1235]"
73,ignored,disregarded,"[548, 509, 549, 550, 551, 3, 552, 553, 554, 555, 175, 263, 66, 556, 557, 558, 559, 170, 560, 561]","[674, 117, 863, 770, 771, 1236, 1237, 1238]"
74,impassioned,characterized by intense emotion,"[548, 509, 549, 550, 551, 3, 552, 553, 554, 555, 175, 263, 66, 556, 557, 558, 559, 170, 560, 561]","[674, 117, 863, 770, 771, 1236, 1237, 1238]"
75,important,of great significance or value,"[356, 299, 562, 11, 563, 45, 564, 240]", 
76,inadequate,not sufficient to meet a need,"[565, 566, 567, 568]", 
77,indifferent,marked by a lack of interest,"[569, 570, 571]", 
78,indignant,angered at something unjust or wrong,"[229, 10, 231, 55, 56, 232, 233]", 
79,inferior,of low quality,"[572, 573, 574, 575, 576, 577, 578, 579, 580, 581, 582, 583, 584, 585, 26, 345, 347, 586, 587, 588]","[1239, 83, 663, 616, 1240, 1241, 658, 609, 659, 1242, 1243, 455, 1244, 1245, 456, 1246, 1247, 1248, 466, 1249]"
80,infuriated,marked by extreme anger,"[589, 590, 591, 592, 593, 594, 595, 596, 597, 598, 599, 600, 601, 602, 603]","[1250, 1251, 1252, 1253]"
81,inquisitive,showing curiosity,"[604, 605, 79, 606, 9, 607, 608, 609, 610, 611, 612, 613, 614, 269, 615, 616, 226, 617]", 
82,insecure,lacking self-confidence or assurance,"[604, 605, 79, 606, 9, 607, 608, 609, 610, 611, 612, 613, 614, 269, 615, 616, 226, 617]", 
83,insignificant,of little importance or influence or power; of minor status,"[277, 618, 619, 620]", 
84,inspired,of surpassing excellence,"[621, 622, 249, 356, 623, 624, 625, 626, 627, 628, 629, 630, 631, 632, 633, 634, 635, 636, 637, 593]","[1254, 1255, 1256, 1257, 1258, 1259, 1260, 1261, 588, 1262, 1263, 1264, 1265, 1266, 1267, 1268, 1269, 1270, 1271, 1272]"
85,interested,showing curiosity or fascination or concern,"[277, 61, 51, 487, 488, 489]", 
86,intimate,"marked by close acquaintance, association, or familiarity","[638, 639, 640, 641, 642]", 
87,irascible,quickly aroused to anger,"[346, 156, 643, 644, 645, 646, 647, 648, 649, 650, 651]","[1273, 1274, 1275, 1276, 1277]"
88,irritable,easily annoyed,"[652, 653, 358, 654, 655, 656, 657, 658, 659, 455, 456, 660, 661, 662, 663, 664, 616, 665]","[1278, 1279, 1280, 1281, 1282, 1283, 1284, 1285, 1286, 1287, 1288, 1289, 1290, 1291, 1292]"
89,irritated,aroused to impatience or anger,"[666, 667, 668]", 
90,isolated,being or feeling set or kept apart from others,"[638, 669, 670]","[77, 18, 226, 1293]"
91,jealous,suspicious or fearful of being displaced by a rival,"[671, 672, 673, 674, 675, 676, 677, 678, 679, 680, 681, 682, 683]", 
92,joyful,full of or producing great happiness,"[277, 274, 20, 279, 278, 280, 281]", 
93,jubilant,full of high-spirited delight,"[138, 684, 118, 685, 686, 687, 274, 688, 689, 690, 691, 692, 149, 693]", 
94,judgmental,"relating to an assessment of a person, situation, or event","[694, 695, 696, 697, 698, 699, 700, 701, 702]", 
95,lachrymose,showing sorrow,"[694, 695, 696, 697, 698, 699, 700, 701, 702]", 
96,liberated,free from traditional social restraints,"[703, 704, 705, 706, 707, 708, 709, 710, 711, 712, 713, 714, 715, 716, 717, 718]", 
97,listless,lacking zest or vivacity,"[719, 720, 721, 722, 723, 724, 725]", 
98,livid,furiously angry,"[726, 433, 516, 63, 727, 93, 728]","[1294, 1295, 737, 353, 1296, 1297, 1298, 739, 740, 1299, 1300, 1301, 1302, 1303, 368, 1304, 95, 1305, 1306, 1307]"
99,loathing,hate coupled with disgust,"[729, 433, 92, 730, 516, 731, 732, 733, 63, 734, 735]", 
100,lonely,marked by sadness from being by yourself,[352],[1308]
101,loving,feeling or showing love and affection,"[736, 737, 738, 739, 740]", 
102,mad,roused to anger,"[741, 742]", 
103,maudlin,effusively or insincerely emotional,"[360, 225, 743, 744]", 
104,mawkish,effusively or insincerely emotional,"[652, 442, 277, 566, 745, 746, 747, 748, 749, 750]", 
105,melancholy,a constitutional tendency to be gloomy and depressed, , 
106,miserable,very unhappy,"[751, 752, 753, 754, 359, 716, 755, 163, 756]", 
107,miserly,characterized by or indicative of lack of generosity,"[228, 757, 758, 759, 760, 761, 762, 763, 764, 765, 766, 767, 768, 49, 769, 465, 462, 770, 771, 772]","[1309, 1310, 1311, 1312, 1313]"
108,nervous,causing or fraught with or showing anxiety,"[490, 773, 277, 53, 774, 494, 495, 775, 776, 777, 198, 778, 779, 780, 781, 782, 783, 784]", 
109,nonchalant,marked by casual unconcern or indifference,"[196, 785, 104, 786, 787, 788, 789, 790, 791, 792, 793, 794, 795, 796]", 
110,nonplussed,filled with bewilderment,"[196, 785, 103, 786, 787, 788, 789, 790, 791, 792, 793, 794, 795, 796]", 
111,open,straightforward and direct without reserve or secretiveness,"[797, 798, 799, 800, 801, 802, 803]", 
112,optimistic,hopeful that the best will happen in the future,"[589, 356, 804, 805, 806, 807, 808, 371, 809, 79, 810, 811, 812, 813, 814, 815, 816, 817, 818, 819]", 
113,ornery,having a difficult and contrary disposition,"[248, 820, 821, 822, 823]", 
114,overwhelm,"overcome, as with emotions or perceptual stimuli","[8, 53, 222, 223, 493, 685, 824, 825, 221, 826, 827, 189, 224]", 
115,overwrought,deeply agitated especially from emotion,"[828, 269, 829]", 
116,panic,an overwhelming feeling of fear and anxiety,"[830, 120, 831, 832]", 
117,peaceful,not disturbed by strife or turmoil or war,"[833, 834, 835, 836, 837, 838, 468, 839, 840, 841, 842, 843, 844, 845, 846, 847, 848, 849, 287, 632]","[1314, 1315, 1316, 1317, 1318, 1319, 1320, 1321, 1322, 1323, 1324, 1325, 1326, 1327, 1328, 657, 1329, 1330, 1331, 1332]"
118,peevish,easily irritated or annoyed,"[292, 850, 69, 851, 852, 853, 854, 855, 856, 857, 858]","[367, 1333, 1334, 1234, 1335, 1336, 1337]"
119,pensive,deeply or seriously thoughtful,"[274, 19, 27]", 
120,perplexed,full of difficulty or confusion or bewilderment, , 
121,playful,full of fun and high spirits,"[4, 195]", 
122,poignant,keenly distressing to the mind or feelings, , 
123,powerful,having great force or effect,"[859, 860, 861, 862, 863, 864, 865, 866, 867, 868, 869, 870, 871, 872, 873]","[509, 70, 514, 182, 1338, 515, 1339, 1340, 1341, 1342, 1343]"
124,powerless,lacking power,"[88, 684, 149, 274, 686, 687, 688, 689, 690, 691, 692, 693]", 
125,proud,"feeling self-respect, self-esteem, or self-importance","[797, 874, 875, 876, 877, 878, 879, 880, 881, 882, 883]", 
126,provocative,serving or tending to excite or stimulate,"[298, 884, 24, 830, 831, 305, 306, 308, 309, 310, 312, 885, 886, 887, 888, 889, 890, 891, 832, 110]","[1344, 1345, 1346]"
127,quizzical,perplexed,"[298, 884, 24, 830, 831, 305, 306, 308, 309, 310, 312, 885, 886, 887, 888, 889, 890, 891, 832, 110]","[1344, 1345, 1346]"
128,rage,a feeling of intense anger,"[892, 893, 894, 895, 896, 897, 898, 899, 900, 901, 902, 903, 904, 905, 906, 907, 908, 909, 127, 910]",[1347]
129,rejected,rebuffed (by a lover) without warning,"[911, 912, 913, 914]", 
130,remorseful,feeling or expressing pain or sorrow for sins or offenses,"[915, 916, 917, 918, 919, 920, 921, 922, 923, 924, 925, 926, 927, 928, 929, 930, 931, 932, 933, 934]","[935, 124, 941, 940, 939, 942, 943, 944]"
131,repugnance,intense aversion,"[935, 936, 937, 938, 939, 940, 941, 942, 943, 944]","[916, 917, 123, 918, 919, 920, 922, 923, 924, 925, 933, 934, 1348, 1349, 1350]"
132,repugnant,offensive to the mind,"[574, 154, 215, 945, 946, 947, 948, 949, 950, 951, 952, 953, 954, 955, 956, 957, 396, 958, 959, 325]","[562, 1351, 1352, 1035, 564, 71]"
133,resentful,full of or marked by indignant ill will,"[960, 961, 962, 963, 964, 965, 966, 967, 968, 969, 970, 971, 972, 973]","[1353, 1354, 1355]"
134,respected,receiving deferential regard,"[120, 640, 895, 121, 974]", 
135,ridicule,the act of deriding or treating with contempt, , 
136,sarcastic,expressing or expressive of ridicule that wounds,"[975, 976, 207]", 
137,scared,made afraid,"[234, 235, 977, 978, 979]", 
138,sensitive,responsive to physical stimuli, , 
139,serene,not agitated,"[170, 373, 372, 31, 370]", 
140,shocked,"struck with fear, dread, or surprise","[549, 980, 981]","[1356, 1357]"
141,skeptical,marked by or given to doubt,"[982, 983]", 
142,sorrow,an emotion of great sadness associated with loss, , 
143,startled,excited by sudden surprise or alarm and making a quick involuntary movement,"[984, 26, 365, 985, 986, 987, 39, 988, 989, 990, 991, 992, 993, 994, 995]",[1358]
144,stressed,suffering severe physical strain,"[383, 58]", 
145,submissive,inclined or willing to give in to orders or wishes of others,"[383, 58]", 
146,sulky,sullen or moody,"[996, 757, 997, 998, 999, 1000, 1001, 1002, 685, 1003, 1004, 779, 88, 1005, 1006, 1007, 912, 1008, 1009, 1010]","[1359, 1360, 1361, 1362, 1363, 1364, 1365, 1366, 1367, 1368, 1369, 1370, 1371, 1372, 1373]"
147,suspicious,openly distrustful and unwilling to confide,"[833, 1011, 1012, 1013, 1014]", 
148,terrified,thrown into a state of intense fear or desperation,"[383, 38, 384, 385]", 
149,testy,easily irritated or annoyed,"[640, 1015, 1016, 1017, 1018, 722, 1019]", 
150,threatened,likely in the near future to become endangered,"[640, 1015, 1016, 1017, 1018, 722, 1019]", 
151,timid,showing fear and lack of courage, , 
152,triumph,a successful ending of a struggle or contest,[211], 
153,umbrage,a feeling of anger caused by being offended,"[222, 1020, 1021, 1022, 1023, 1024, 1025]","[1374, 1375, 1376]"
154,vain,having an exaggerated sense of self-importance,"[562, 1026, 1027, 1028, 806, 1029, 1030, 1031, 1032, 1033, 1034, 1035, 1036, 1037, 225, 1038, 1039, 1040, 1041]","[1377, 1378, 1379, 1380, 1381, 1382, 399, 1383]"
155,victimized,of persons; taken advantage of,"[1042, 1043, 364, 1044, 1045, 1046, 1047, 274]", 
156,vulnerable,capable of being wounded or hurt,"[1048, 1049, 425, 1050, 722, 1051, 1052, 1053, 1054, 1055]", 
157,weary,physically and mentally fatigued,"[383, 58, 504, 506, 505, 507]", 
158,withdrawn,"tending to be reserved, quiet, or introspective","[88, 684, 118, 274, 686, 687, 688, 689, 690, 691, 692, 693]", 
159,worried,afflicted with or marked by anxious uneasiness or trouble,[156], 
160,worthless,lacking in usefulness or value,"[383, 1056, 1057, 1058, 1059, 1060, 1061, 1062, 1063, 1064, 1065, 1066, 1067, 1068, 1069, 1070, 1071, 1039, 429]","[23, 319, 320, 288, 322, 323, 289, 25, 1384, 1385, 324, 1386, 329, 1387, 1388, 291, 1389, 1390, 293, 1391]"
161,deserted,forsaken by owner or inhabitants, , 
162,desolate,having few or no inhabitants, , 
163,uninhabited,not having inhabitants; not lived in,"[125, 1072, 1073, 1074, 1075, 955, 958, 959, 1076, 1077, 1078, 1079]", 
164,derelict,forsaken by owner or inhabitants,"[1080, 1081, 1082, 1083, 1084, 1085]", 
165,uninhibited,not restrained,"[111, 935, 346, 150, 844, 1086, 1087, 1088, 1089, 1090, 1091, 82, 1092, 1093, 1094, 1095, 1096, 1097, 1098, 649]","[1273, 1274, 1276, 1392, 1393, 1394, 1395, 1396, 1397, 1277, 1398, 1399, 1400]"
166,recognized,generally approved or compelling recognition,"[270, 1099]", 
167,acknowledged,recognized or made known or admitted,"[417, 1100, 756, 1101, 1102]", 
168,recognised,generally approved or compelling recognition,"[222, 776, 223, 1103, 1104, 1105, 1021]", 
169,rough,ready and able to resort to force or violence,"[1106, 1107, 1108, 1109, 1110, 1111, 1112, 1113, 1114, 1115, 1116, 1117, 1118, 1119, 1120, 1121, 816, 1122, 1123, 1124]","[1401, 1402, 1403, 1404, 1405, 1287, 1406, 1407]"
170,offensive,for the purpose of attack rather than defense, , 
171,competitive,showing a fighting disposition, , 
172,assertive,aggressively self-assured, , 
173,battleful,having or showing a ready disposition to fight, , 
174,bellicose,having or showing a ready disposition to fight, , 
175,belligerent,characteristic of an enemy or one eager to fight, , 
176,combative,having or showing a ready disposition to fight, , 
177,fast-growing,tending to spread quickly, , 
178,hard-hitting,aggressively and persistently persuasive, , 
179,high-pressure,aggressively and persistently persuasive, , 
180,invasive,marked by a tendency to spread into healthy tissue, , 
181,in-your-face,blatantly aggressive, , 
182,militant,showing a fighting disposition, , 
183,obstreperous,boisterously and noisily aggressive, , 
184,predatory,living by preying on other animals, , 
185,pugnacious,ready and able to resort to force or violence, , 
186,rapacious,living by preying on other animals, , 
187,raptorial,living by preying on other animals especially by catching living prey, , 
188,impatient,restless or short-tempered under delay or opposition, , 
189,tense,in or of a state of physical or nervous strain, , 
190,stirred,set into a usually circular motion in order to mix or blend, , 
191,aroused,excessively affected by emotion, , 
192,churned-up,moving with or producing or produced by vigorous agitation, , 
193,churning,(of a liquid) agitated vigorously; in a state of turbulence, , 
194,discomposed,having your composure disturbed, , 
195,distraught,deeply agitated especially from emotion, , 
196,emotional,excessively affected by feelings, , 
197,feverish,marked by intense agitation or emotion, , 
198,frantic,excessively agitated; distraught with violent emotion, , 
199,frenetic,excessively agitated, , 
200,frenzied,excessively agitated, , 
201,hectic,marked by intense activity or agitation, , 
202,hysterical,marked by excessive or uncontrollable emotion, , 
203,jolted,bumped or shaken jerkily, , 
204,phrenetic,excessively agitated, , 
205,psychedelic,characterized by intense perceptions and hallucinations, , 
206,estranged,caused to be unloved, , 
207,unloved,not loved, , 
208,disoriented,socially alienated, , 
209,anomic,socially disoriented, , 
210,unoriented,not having position or goal definitely set or ascertained, , 
211,surprised,taken unawares and feeling wonder or astonishment, , 
212,stunned,filled with the emotional impact of overwhelming surprise, , 
213,astounded,filled with the emotional impact of overwhelming surprise or shock, , 
214,astonied,filled with the emotional impact of overwhelming surprise or shock, , 
215,pleased,experiencing or manifesting pleasure, , 
216,entertained,pleasantly occupied, , 
217,diverted,pleasantly occupied, , 
218,keen,having or showing interest and intense desire, , 
219,dying,eagerly desirous, , 
220,agog,having or showing keen interest or intense desire, , 
221,queasy,causing or fraught with or showing anxiety, , 
222,troubled,characterized by or indicative of distress or affliction or danger or need, , 
223,uneasy,causing or fraught with or showing anxiety, , 
224,unquiet,causing or fraught with or showing anxiety, , 
225,spiritless,lacking ardor or vigor or energy, , 
226,uninterested,not having or showing a sense of concern or curiosity, , 
227,bright,emitting or reflecting light readily or in large amounts, , 
228,warm,characterized by strong enthusiasm, , 
229,passionate,having or expressing strong emotions, , 
230,enthusiastic,having or showing great excitement and interest, , 
231,fiery,characterized by intense emotion, , 
232,perfervid,characterized by intense emotion, , 
233,torrid,characterized by intense emotion, , 
234,penitent,feeling or expressing remorse for misdeeds, , 
235,repentant,feeling or expressing remorse for misdeeds, , 
236,discredited,suffering shame, , 
237,disgraced,suffering shame, , 
238,dishonored,suffering shame, , 
239,hangdog,showing a sense of guilt, , 
240,mortified,made to feel uncomfortable because of shame or wounded pride, , 
241,shamed,showing a sense of guilt, , 
242,shamefaced,showing a sense of shame, , 
243,sheepish,showing a sense of shame, , 
244,reverent,feeling or showing profound respect or veneration, , 
245,overawed,overcome by a feeling of awe, , 
246,awestruck,having a feeling of mixed reverence and wonder and dread, , 
247,awestricken,having or showing a feeling of mixed reverence and respect and wonder and dread, , 
248,mean,characterized by malice, , 
249,bad,having undesirable or negative qualities, , 
250,terrible,exceptionally bad or displeasing, , 
251,dread,causing fear or terror, , 
252,abominable,exceptionally bad or displeasing, , 
253,abysmal,exceptionally bad or displeasing, , 
254,alarming,frightening because of an awareness of danger, , 
255,amazing,inspiring awe or admiration or wonder, , 
256,atrocious,exceptionally bad or displeasing, , 
257,awe-inspiring,inspiring awe or admiration or wonder, , 
258,awesome,inspiring admiration or wonder, , 
259,awfully,used as intensifiers, , 
260,awing,inspiring awe or admiration or wonder, , 
261,dire,causing fear or dread or terror, , 
262,direful,causing fear or dread or terror, , 
263,dirty,vile; despicable, , 
264,dreaded,causing fear or dread or terror, , 
265,dreadful,exceptionally bad or displeasing, , 
266,extraordinary,highly unusual or exceptional or remarkable, , 
267,worldly,very sophisticated and experienced, , 
268,sophisticated,having worldly knowledge and refinement, , 
269,unconcerned,lacking in interest or care or feeling, , 
270,tired,depleted of strength or energy, , 
271,world-weary,tired of the world, , 
272,obstinate,marked by tenacious unwillingness to yield, , 
273,stubborn,tenaciously unwilling to yield, , 
274,ill-natured,having an irritable and unpleasant disposition, , 
275,unregenerate,tenaciously unwilling or marked by tenacious unwillingness to yield, , 
276,bloody-minded,stubbornly obstructive and unwilling to cooperate, , 
277,angry,feeling or showing extreme displeasure or hostility, , 
278,hotheaded,quickly aroused to anger, , 
279,hot-tempered,quickly aroused to anger, , 
280,quick-tempered,quickly aroused to anger, , 
281,short-tempered,quickly aroused to anger, , 
282,ungracious,lacking charm and good taste, , 
283,self-assertive,aggressively self-assured, , 
284,self-asserting,aggressively self-assured, , 
285,certain,having or feeling no doubt or uncertainty, , 
286,sure,having or feeling no doubt or uncertainty, , 
287,capable,having ability, , 
288,assured,exhibiting confidence, , 
289,cocksure,marked by excessive confidence, , 
290,convinced,persuaded of; very sure, , 
291,overconfident,marked by excessive confidence, , 
292,positive,persuaded of; very sure, , 
293,reassured,having confidence restored; freed from anxiety, , 
294,self-assured,showing poise and confidence in your own worth, , 
295,self-confident,showing poise and assurance in your own worth, , 
296,sure-footed,not liable to error in judgment or action, , 
297,surefooted,not liable to error in judgment or action, , 
298,lost,confused as to time or place or personal identity, , 
299,broken,thrown into a state of disarray or confusion, , 
300,scattered,lacking orderly continuity, , 
301,stupid,in a state of mental numbness as resulting from shock, , 
302,addlebrained,stupid and confused, , 
303,addled,confused and vague; used especially of thinking, , 
304,addlepated,stupid and confused, , 
305,at sea,perplexed by many conflicting situations or statements, , 
306,baffled,perplexed by many conflicting situations or statements, , 
307,befogged,stupefied by alcoholic drink, , 
308,befuddled,perplexed by many conflicting situations or statements, , 
309,bemused,perplexed by many conflicting situations or statements, , 
310,bewildered,perplexed by many conflicting situations or statements, , 
311,clouded,mentally disordered, , 
312,confounded,perplexed by many conflicting situations or statements, , 
313,dazed,in a state of mental numbness especially as resulting from shock, , 
314,dazzled,stupefied or dizzied by something overpowering, , 
315,disconnected,lacking orderly continuity, , 
316,disjointed,lacking orderly continuity, , 
317,disordered,lacking orderly continuity, , 
318,game,willing to face danger, , 
319,brave,possessing or displaying courage, , 
320,bold,fearless and daring, , 
321,desperate,showing extreme courage, , 
322,adventuresome,willing to undertake or seeking out new and daring enterprises, , 
323,adventurous,willing to undertake new and daring enterprises, , 
324,fearless,calm or oblivious in the face of danger, , 
325,gallant,unflinching in battle or action, , 
326,gamey,willing to face danger, , 
327,gamy,willing to face danger, , 
328,gritty,determined and willing to face danger, , 
329,heroic,showing extreme determination especially in a dire situation, , 
330,lionhearted,extraordinarily courageous, , 
331,mettlesome,willing to face danger, , 
332,resolute,firm in purpose or belief, , 
333,spirited,willing to face danger, , 
334,spunky,willing to face danger, , 
335,stalwart,possessing or displaying courage, , 
336,stouthearted,possessing or displaying courage, , 
337,unafraid,oblivious of dangers or perils or calmly resolute in facing them, , 
338,serious,causing fear or anxiety by threatening great harm, , 
339,grave,causing fear or anxiety by threatening great harm, , 
340,severe,causing fear or anxiety by threatening great harm, , 
341,acute,of critical importance and consequence, , 
342,appraising,exercising or involving careful evaluations, , 
343,captious,tending to find and call attention to faults, , 
344,censorious,harshly critical or expressing censure, , 
345,crucial,of extreme importance; vital to the resolution of a crisis, , 
346,dangerous,causing fear or anxiety by threatening great harm, , 
347,decisive,forming or having the nature of a turning point or crisis, , 
348,deprecative,given to expressing disapproval, , 
349,discerning,having or revealing keen insight and good judgment, , 
350,discriminative,expressing careful judgment, , 
351,evaluative,exercising or involving careful appraisals, , 
352,faultfinding,tending to find and call attention to faults, , 
353,grievous,causing fear or anxiety by threatening great harm, , 
354,hypercritical,inclined to judge too severely, , 
355,down,lower than previously, , 
356,low,less than normal in degree or intensity or amount, , 
357,blue,filled with melancholy and despondency, , 
358,thin,of relatively small extent from one surface to the opposite, , 
359,dejected,affected or marked by low spirits, , 
360,dispirited,filled with melancholy and despondency, , 
361,downcast,filled with melancholy and despondency, , 
362,downhearted,filled with sadness and hopelessness, , 
363,down in the mouth,filled with melancholy and despondency, , 
364,gloomy,filled with melancholy and despondency, , 
365,grim,filled with melancholy and despondency, , 
366,low-spirited,filled with melancholy and despondency, , 
367,hopeless,without hope because there seems to be no possibility of comfort or success, , 
368,heartsick,without or almost without hope, , 
369,odious,unequivocally detestable, , 
370,abhorrent,offensive to the mind, , 
371,execrable,unequivocally detestable, , 
372,obscene,offensive to the mind, , 
373,repulsive,offensive to the mind or senses, , 
374,defeated,disappointingly unsuccessful, , 
375,unsuccessful,not successful, , 
376,thwarted,disappointingly unsuccessful, , 
377,discomfited,disappointingly unsuccessful, , 
378,foiled,disappointingly unsuccessful, , 
379,unfavorable,not encouraging or approving or pleasing, , 
380,unfavourable,not encouraging or approving or pleasing, , 
381,disconcerted,having self-possession upset; thrown into confusion, , 
382,disenchanted,freed from enchantment, , 
383,afraid,filled with fear or apprehension, , 
384,aghast,"struck with fear, dread, or consternation", , 
385,appalled,"struck with dread, shock, or dismay", , 
386,insolent,marked by casual disrespect, , 
387,contemptuous,expressing extreme scorn, , 
388,scornful,expressing extreme contempt, , 
389,annihilating,making light of, , 
390,aweless,neither feeling nor showing respect, , 
391,awless,neither feeling nor showing respect, , 
392,contumelious,arrogantly insolent, , 
393,derisive,expressing contempt or ridicule, , 
394,devastating,making light of, , 
395,discourteous,showing no politeness, , 
396,disdainful,expressing extreme contempt, , 
397,flip,marked by casual disrespect, , 
398,gibelike,abusing vocally; expressing contempt or ridicule, , 
399,immodest,having or showing an exaggerated opinion of yourself, , 
400,impious,lacking due respect or dutifulness, , 
401,impudent,marked by casual disrespect, , 
402,insulting,expressing extreme contempt, , 
403,irreverent,showing lack of due respect or veneration, , 
404,jeering,abusing vocally; expressing contempt or ridicule, , 
405,far,located at a great distance in time or space or degree, , 
406,deep,very distant in time or space, , 
407,extreme,most distant in any direction, , 
408,removed,separate or apart in time, , 
409,aloof,remote in manner, , 
410,faraway,far removed mentally, , 
411,far-flung,remote, , 
412,long-distance,covering a long distance, , 
413,loosely knit,having only distant social or legal ties, , 
414,nonadjacent,not adjacent; not next, , 
415,out-of-town,happening in or being of another town or city, , 
416,remote,located far away spatially, , 
417,reserved,marked by self-restraint and reticence, , 
418,ulterior,beyond or outside an area of immediate interest, , 
419,upstage,remote in manner, , 
420,yon,distant but within sight (`yon' is dialectal), , 
421,yonder,distant but within sight, , 
422,doubtful,fraught with uncertainty, , 
423,uncertain,lacking or indicating lack of confidence or assurance, , 
424,in question,open to doubt or suspicion, , 
425,questionable,subject to doubtful speculation, , 
426,dubitable,open to doubt or suspicion, , 
427,incertain,lacking or indicating lack of confidence or assurance, , 
428,unconvinced,not persuaded or certain that something is true or reliable, , 
429,unsure,lacking or indicating lack of confidence or assurance, , 
430,hot,having or showing great eagerness or enthusiasm, , 
431,overeager,excessively eager, , 
432,raring,(usually followed by `to') full of eagerness, , 
433,joyous,full of or characterized by happiness, , 
434,rapt,feeling great delight and interest, , 
435,rapturous,feeling great delight, , 
436,enraptured,feeling great rapture or delight, , 
437,rhapsodic,feeling great rapture or delight, , 
438,abashed,feeling or caused to feel uneasy and self-conscious, , 
439,chagrined,feeling or caused to feel uneasy and self-conscious, , 
440,affective,characterized by emotion, , 
441,affectional,characterized by emotion, , 
442,white,(of a surface) not written or printed on, , 
443,clean,(of a surface) not written or printed on, , 
444,bare,having everything extraneous removed including contents, , 
445,hollow,devoid of significance or point, , 
446,blank,(of a surface) not written or printed on, , 
447,drained,emptied or exhausted of, , 
448,empty-bellied,needing nourishment, , 
449,empty-handed,carrying nothing in the hands, , 
450,glassy,(used of eyes) lacking liveliness, , 
451,glazed,(used of eyes) lacking liveliness, , 
452,hungry,feeling a need or desire to eat food, , 
453,lifeless,destitute or having been emptied of life or living beings, , 
454,looted,wrongfully emptied or stripped of anything of value, , 
455,meaningless,having no meaning or direction or purpose, , 
456,nonmeaningful,having no meaning or direction or purpose, , 
457,pillaged,wrongfully emptied or stripped of anything of value, , 
458,plundered,wrongfully emptied or stripped of anything of value, , 
459,ransacked,wrongfully emptied or stripped of anything of value, , 
460,stripped,having everything extraneous removed including contents, , 
461,vacant,without an occupant or incumbent, , 
462,in love,marked by foolish or unreasoning fondness, , 
463,taken with,marked by foolish or unreasoning fondness, , 
464,smitten,marked by foolish or unreasoning fondness, , 
465,infatuated,marked by foolish or unreasoning fondness, , 
466,potty,marked by foolish or unreasoning fondness, , 
467,soft on,marked by foolish or unreasoning fondness, , 
468,active,characterized by energetic movement, , 
469,physical,characterized by energetic bodily activity, , 
470,merry,quick and energetic, , 
471,driving,acting with vigor, , 
472,alert,quick and energetic, , 
473,brisk,quick and energetic, , 
474,canty,lively and brisk, , 
475,dynamic,characterized by action or forcefulness of personality, , 
476,dynamical,characterized by action or forcefulness or force of personality, , 
477,enterprising,marked by initiative and readiness to undertake new projects, , 
478,gumptious,working hard to promote an enterprise, , 
479,high-energy,providing a relatively large amount of energy upon undergoing a chemical reaction, , 
480,indefatigable,showing sustained enthusiasm with unflagging vitality, , 
481,industrious,working hard to promote an enterprise, , 
482,lively,full of life and energy, , 
483,rattling,quick and energetic, , 
484,snappy,quick and energetic, , 
485,spanking,quick and energetic, , 
486,strenuous,characterized by or performed with much energy or force, , 
487,angered,marked by extreme anger, , 
488,apoplectic,marked by extreme anger, , 
489,maddened,marked by extreme anger, , 
490,wild,marked by extreme lack of restraint or control, , 
491,drunk,as if under the influence of alcohol, , 
492,activated,(of e.g. a molecule) made reactive or more reactive, , 
493,aflutter,excited in anticipation, , 
494,crazy,possessed by inordinate excitement, , 
495,delirious,marked by uncontrolled excitement or emotion, , 
496,fevered,highly excited, , 
497,intoxicated,as if under the influence of alcohol, , 
498,overexcited,unduly excited, , 
499,reactive,participating in processes changing substances into others, , 
500,stimulated,emotionally aroused, , 
501,stirred up,emotionally aroused, , 
502,gay,offering fun and gaiety, , 
503,festal,offering fun and celebration, , 
504,panic-stricken,thrown into a state of intense fear or desperation, , 
505,panicked,thrown into a state of intense fear or desperation, , 
506,panicky,thrown into a state of intense fear or desperation, , 
507,panic-struck,thrown into a state of intense fear or desperation, , 
508,consummated,brought to completion, , 
509,violent,acting with great force or energy or emotional intensity, , 
510,savage,marked by extreme and violent energy, , 
511,ferocious,marked by extreme and violent energy, , 
512,fierce,marked by extreme and violent energy, , 
513,raging,(of the elements) as if showing violent anger, , 
514,stormy,affected or characterized by violent weather or commotion, , 
515,tempestuous,as if showing violent anger, , 
516,elated,full of high-spirited delight, , 
517,criminal,guilty of an illegal act or serious offense, , 
518,delinquent,guilty of a misdeed, , 
519,at fault,deserving blame, , 
520,blamable,deserving blame or censure as being wrong or evil or injurious, , 
521,blameable,deserving blame or censure as being wrong or evil or injurious, , 
522,blameful,deserving blame or censure as being wrong or evil or injurious, , 
523,blameworthy,deserving blame or censure as being wrong or evil or injurious, , 
524,bloodguilty,guilty of murder or bloodshed, , 
525,censurable,deserving blame or censure as being wrong or evil or injurious, , 
526,chargeable,"liable to be accused, or cause for such liability", , 
527,conscience-smitten,affected by conscience, , 
528,culpable,deserving blame or censure as being wrong or injurious, , 
529,finable,liable to a fine, , 
530,fineable,liable to a fine, , 
531,guilt-ridden,feeling or revealing a sense of guilt, , 
532,inculpative,causing blame to be imputed to, , 
533,inculpatory,causing blame to be imputed to, , 
534,nasty,offensive or even (of persons) malicious, , 
535,undesirable,not wanted, , 
536,unlovable,incapable of inspiring love or affection, , 
537,unwanted,not wanted, , 
538,hesitating,lacking decisiveness of character, , 
539,indecisive,characterized by lack of firmness in purpose or belief, , 
540,theatrical,suited to or characteristic of the stage, , 
541,melodramatic,characteristic of acting or a stage performance, , 
542,promising,likely to have a successful outcome or positive results, , 
543,encouraging,giving courage or confidence or hope, , 
544,expectant,marked by eager anticipation, , 
545,anticipant,marked by eager anticipation, , 
546,anticipative,marked by eager anticipation, , 
547,auspicious,indicating favorable circumstances and good luck, , 
548,ill,indicating hostility or enmity, , 
549,bitter,proceeding from or exhibiting great hostility or animosity, , 
550,opponent,characterized by active hostility, , 
551,adversarial,characterized by feelings of intense dislike or hostility, , 
552,antagonistic,characterized by feelings of intense dislike or hostility, , 
553,antipathetic,characterized by hostility or dislike, , 
554,antipathetical,characterized by antagonism or antipathy, , 
555,at loggerheads,in a dispute or confrontation, , 
556,head-on,characterized by direct opposition, , 
557,inhospitable,unfavorable to life or growth, , 
558,inimical,not friendly, , 
559,irreconcilable,impossible to bring into accord, , 
560,opposing,characterized by active hostility, , 
561,uncongenial,very unfavorable to life or growth, , 
562,humble,marked by meekness or modesty; not arrogant or prideful, , 
563,crushed,subdued or brought low in condition or status, , 
564,humbled,subdued or brought low in condition or status, , 
565,wounded,suffering from physical injury especially that suffered in battle, , 
566,injured,harmed, , 
567,damaged,harmed or injured or spoiled, , 
568,weakened,damaged inanimate objects or their value, , 
569,neglected,disregarded, , 
570,unnoticed,not noticed, , 
571,unheeded,disregarded, , 
572,great,of major significance or importance, , 
573,large,fairly important in effect; influential, , 
574,big,significant, , 
575,chief,most important element, , 
576,all important,of the greatest importance, , 
577,all-important,of the greatest importance, , 
578,alpha,first in order of importance, , 
579,authoritative,having ascendancy or influence, , 
580,beta,second in order of importance, , 
581,burning,of immediate import, , 
582,cardinal,serving as an essential component, , 
583,central,serving as an essential component, , 
584,consequential,having important issues or results, , 
585,Copernican,of radical or major importance, , 
586,distinguished,standing above others in character or attainment, , 
587,earthshaking,sufficiently significant to affect the whole world, , 
588,eminent,standing above others in character or attainment, , 
589,poor,not sufficient to meet a need, , 
590,short,not sufficient to meet a need, , 
591,wanting,inadequate in amount or degree, , 
592,incapable,not meeting requirements, , 
593,deficient,inadequate in amount or degree, , 
594,incompetent,not meeting requirements, , 
595,insufficient,of a quantity not able to fulfill a need or requirement, , 
596,lacking,inadequate in amount or degree, , 
597,short-handed,inadequate in number of workers or assistants etc., , 
598,short-staffed,inadequate in number of workers or assistants etc., , 
599,undermanned,inadequate in number of workers or assistants etc., , 
600,understaffed,inadequate in number of workers or assistants etc., , 
601,unequal,lacking the requisite qualities or resources to meet a task, , 
602,unequal to,not meeting requirements, , 
603,unsatisfactory,not giving satisfaction, , 
604,ordinary,not exceptional in any way, , 
605,moderate,being within reasonable or average limits, , 
606,neutral,having only a limited ability to react chemically, , 
607,deaf,(usually followed by `to') unwilling or refusing to pay heed, , 
608,heedless,marked by or paying little attention, , 
609,immaterial,lacking importance; not mattering one way or the other, , 
610,impartial,showing lack of favoritism, , 
611,inert,having only a limited ability to react chemically, , 
612,so-so,being neither good nor bad, , 
613,unbiased,characterized by a lack of partiality, , 
614,unbiassed,characterized by a lack of partiality, , 
615,unheeding,marked by or paying little heed or attention, , 
616,unimportant,not important, , 
617,unreactive,(chemistry) not reacting chemically, , 
618,outraged,angered at something unjust or wrong, , 
619,incensed,angered at something unjust or wrong, , 
620,umbrageous,angered at something unjust or wrong, , 
621,small,low or inferior in station or quality, , 
622,less,(usually preceded by `no') lower in quality, , 
623,base,consisting of or alloyed with inferior metal, , 
624,bottom,situated at the lowest position, , 
625,bum,of very poor quality; flimsy, , 
626,bush,not of the highest quality or sophistication, , 
627,bush-league,not of the highest quality or sophistication, , 
628,cheap,of very poor quality; flimsy, , 
629,cheapjack,cheap and shoddy, , 
630,cheesy,of very poor quality; flimsy, , 
631,chintzy,of very poor quality; flimsy, , 
632,coarse,of low or inferior quality or value, , 
633,coarsened,made coarse or crude by lack of skill, , 
634,commercial,of the kind or quality used in sale; average or inferior, , 
635,commercial-grade,of the kind or quality used in commerce; average or inferior, , 
636,common,of low or inferior quality or value, , 
637,crummy,of very poor quality; flimsy, , 
638,curious,eager to investigate and learn or learn more, , 
639,wondering,showing curiosity, , 
640,questioning,showing curiosity, , 
641,inquiring,given to inquiry, , 
642,speculative,showing curiosity, , 
643,precarious,not secure; beset with difficulties, , 
644,shaky,not secure; beset with difficulties, , 
645,overanxious,anxious or nervous to an excessive degree, , 
646,unassured,lacking boldness or confidence, , 
647,unfixed,not firmly placed or set or fastened, , 
648,unguaranteed,without financial security, , 
649,unprotected,lacking protection or defense, , 
650,unsafe,lacking in security or safety, , 
651,unsecured,without financial security, , 
652,light,having little importance, , 
653,slight,lacking substance or significance, , 
654,minor,of lesser importance or stature or rank, , 
655,flimsy,lacking substance or significance, , 
656,fragile,lacking substance or significance, , 
657,hole-and-corner,relating to the peripheral and unimportant aspects of life, , 
658,hole-in-corner,relating to the peripheral and unimportant aspects of life, , 
659,inappreciable,too small to make a significant difference, , 
660,peanut,of little importance or influence or power; of minor status, , 
661,superficial,of little substance or significance, , 
662,tenuous,lacking substance or significance, , 
663,trivial,of little substance or significance, , 
664,undistinguished,not worthy of notice, , 
665,unnoticeable,not noticeable; not drawing attention, , 
666,divine,of such excellence as to suggest inspiration by the gods, , 
667,glorious,having or deserving or conferring high honor, , 
668,elysian,of such excellence as to suggest inspiration by the gods, , 
669,concerned,involved in or affected by or having a claim to or share in, , 
670,involved,connected by participation or association or use, , 
671,close,nearby in relevance or relationship, , 
672,experient,having experience, , 
673,familiar,having mutual interests or affections, , 
674,friendly,characteristic of or befitting an ally, , 
675,cozy,having or fostering a friendly and informal atmosphere, , 
676,experienced,having knowledge or skill from observation or participation, , 
677,informal,having or fostering a warm or friendly atmosphere, , 
678,inner,innermost or essential, , 
679,internal,innermost or essential, , 
680,intrinsic,belonging to a thing by its very nature, , 
681,intrinsical,belonging to a thing by its very nature, , 
682,knowledgeable,thoroughly acquainted through study or experience, , 
683,versed,thoroughly acquainted through study or experience, , 
684,petulant,easily irritated or annoyed, , 
685,excitable,capable of responding to stimuli, , 
686,cranky,easily irritated or annoyed, , 
687,fractious,easily irritated or annoyed, , 
688,nettlesome,easily irritated or annoyed, , 
689,peckish,easily irritated or annoyed, , 
690,pettish,easily irritated or annoyed, , 
691,scratchy,easily irritated or annoyed, , 
692,techy,easily irritated or annoyed, , 
693,tetchy,easily irritated or annoyed, , 
694,annoyed,aroused to impatience or anger, , 
695,displeased,not pleased; experiencing or manifesting displeasure, , 
696,stung,aroused to impatience or anger, , 
697,steamed,aroused to impatience or anger, , 
698,miffed,aroused to impatience or anger, , 
699,nettled,aroused to impatience or anger, , 
700,peeved,aroused to impatience or anger, , 
701,riled,aroused to impatience or anger, , 
702,roiled,aroused to impatience or anger, , 
703,separate,independent; not united or joint, , 
704,apart,remote and separate physically or socially, , 
705,obscure,remote and separate physically or socially, , 
706,separated,being or feeling set or kept apart from others, , 
707,detached,being or feeling set or kept apart from others, , 
708,disjunct,marked by separation of or from usually contiguous elements, , 
709,marooned,cut off or left behind, , 
710,quarantined,under forced isolation for health reasons, , 
711,segregated,separated or isolated from others or a main group, , 
712,set-apart,being or feeling set or kept apart from others, , 
713,sporadic,recurring in scattered or unpredictable instances, , 
714,stranded,cut off or left behind, , 
715,stray,not close together in time, , 
716,unaccompanied,being without an escort, , 
717,unconnected,not joined or linked together, , 
718,unintegrated,separated or isolated from others or a main group, , 
719,desirous,having or expressing an inclination to want something, , 
720,envious,painfully desirous of another's advantages, , 
721,covetous,showing extreme greed for material wealth, , 
722,distrustful,having or showing distrust, , 
723,green-eyed,suspicious or unduly suspicious or fearful of being displaced by a rival, , 
724,overjealous,suspicious or unduly suspicious or fearful of being displaced by a rival, , 
725,wishful,having or expressing desire for something, , 
726,happy,enjoying or showing or marked by joy or pleasure, , 
727,beatific,experiencing or displaying extreme joy or bliss, , 
728,overjoyed,extremely joyful, , 
729,triumphant,joyful and proud especially because of success, , 
730,rejoicing,joyful and proud especially because of triumph or success, , 
731,exultant,joyful and proud especially because of triumph or success, , 
732,exulting,joyful and proud especially because of triumph or success, , 
733,giddy,exultantly proud and joyful; in high spirits, , 
734,prideful,joyful and proud especially because of triumph or success, , 
735,triumphal,joyful and proud especially because of triumph or success, , 
736,weeping,showing sorrow, , 
737,sorrowful,experiencing or marked by or expressing sadness, , 
738,tearful,showing sorrow, , 
739,dolorous,showing sorrow, , 
740,dolourous,showing sorrow, , 
741,free,able to act at will, , 
742,emancipated,free from traditional social restraints, , 
743,lethargic,deficient in alertness or activity, , 
744,unenergetic,deficient in alertness or activity, , 
745,ashen,pale from illness or emotion, , 
746,black-and-blue,discolored by coagulation of blood beneath the skin, , 
747,blanched,anemic looking from illness or emotion, , 
748,bloodless,anemic looking from illness or emotion, , 
749,colorless,weak in color; not colorful, , 
750,colourless,weak in color; not colorful, , 
751,alone,lacking companions or companionship, , 
752,solitary,devoid of creatures, , 
753,lone,lacking companions or companionship, , 
754,lonesome,marked by sadness from being by oneself, , 
755,unfrequented,devoid of creatures, , 
756,unsocial,not seeking or given to association, , 
757,tender,having or displaying warmth or affection, , 
758,fond,having or displaying warmth or affection, , 
759,committed,associated in an exclusive sexual relationship, , 
760,adoring,extravagantly or foolishly loving and indulgent, , 
761,affectionate,having or displaying warmth or fondness, , 
762,amative,inclined toward or displaying love, , 
763,amatory,expressive of or exciting sexual love or romance, , 
764,amorous,inclined toward or displaying love, , 
765,attached,fond and affectionate, , 
766,captivated,strongly attracted, , 
767,charmed,strongly attracted, , 
768,doting,extravagantly or foolishly loving and indulgent, , 
769,idolatrous,blindly or excessively devoted or adoring, , 
770,lovable,having characteristics that attract love or affection, , 
771,loveable,having characteristics that attract love or affection, , 
772,loverlike,like or in the manner of a lover, , 
773,sick,affected with madness or insanity, , 
774,brainsick,affected with madness or insanity, , 
775,demented,affected with madness or insanity, , 
776,disturbed,affected with madness or insanity, , 
777,foolish,lacking good sense or judgment, , 
778,harebrained,very foolish, , 
779,huffy,roused to anger, , 
780,insane,afflicted with or characteristic of mental derangement, , 
781,sore,roused to anger, , 
782,unbalanced,affected with madness or insanity, , 
783,unhinged,affected or as if affected with madness or insanity, , 
784,unrestrained,marked by uncontrolled excitement or emotion, , 
785,sentimental,effusively or insincerely emotional, , 
786,mushy,effusively or insincerely emotional, , 
787,bathetic,effusively or insincerely emotional, , 
788,drippy,effusively or insincerely emotional, , 
789,hokey,effusively or insincerely emotional, , 
790,kitschy,effusively or insincerely emotional, , 
791,sappy,overly or insincerely emotional, , 
792,schmaltzy,effusively or insincerely emotional, , 
793,schmalzy,effusively or insincerely emotional, , 
794,slushy,effusively or insincerely emotional, , 
795,soppy,effusively or insincerely emotional, , 
796,soupy,effusively or insincerely emotional, , 
797,sad,experiencing or showing sorrow or unhappiness, , 
798,sombre,grave or even gloomy in character, , 
799,depressing,causing sad feelings of gloom and inadequacy, , 
800,somber,grave or even gloomy in character, , 
801,cheerless,causing sad feelings of gloom and inadequacy, , 
802,melancholic,characterized by or causing or expressing sadness, , 
803,uncheerful,causing sad feelings of gloom and inadequacy, , 
804,suffering,very unhappy; full of misery, , 
805,unfortunate,marked by or resulting in bad luck, , 
806,abject,of the most contemptible kind, , 
807,contemptible,deserving of scorn or disrespect, , 
808,deplorable,of very poor quality or condition, , 
809,hapless,unfortunate and deserving pity, , 
810,low-down,of the most contemptible kind, , 
811,meager,deficient in amount or quality or extent, , 
812,meagerly,deficient in amount or quality or extent, , 
813,meagre,deficient in amount or quality or extent, , 
814,measly,contemptibly small in amount, , 
815,misfortunate,deserving or inciting pity, , 
816,paltry,contemptibly small in amount or size, , 
817,pathetic,deserving or inciting pity, , 
818,piteous,deserving or inciting a feeling of sympathy and sorrow, , 
819,pitiable,deserving or inciting a feeling of sympathy and sorrow, , 
820,tight,characterized by or indicative of lack of generosity, , 
821,stingy,unwilling to spend, , 
822,ungenerous,unwilling to spend, , 
823,mingy,characterized by or indicative of lack of generosity, , 
824,flighty,unpredictably excitable (especially of horses), , 
825,neural,of or relating to the nervous system, , 
826,skittish,"unpredictably excitable, especially of horses", , 
827,spooky,unpredictably excitable, , 
828,casual,marked by a lack of concern, , 
829,insouciant,marked by unconcern, , 
830,puzzled,filled with bewilderment, , 
831,at a loss,filled with bewilderment, , 
832,nonplused,filled with bewilderment, , 
833,clear,affording free passage or view, , 
834,public,not private, , 
835,subject,possibly accepting or permitting, , 
836,wide,(used of eyes) fully open or extended, , 
837,acceptant,accepting willingly, , 
838,acceptive,accepting willingly, , 
839,admissive,characterized by or allowing admission, , 
840,agape,with the mouth wide open as in wonder or awe, , 
841,agaze,(used of eyes) open and fixed as if in fear or wonder, , 
842,ajar,slightly open, , 
843,artless,characterized by an inability to mask your feelings, , 
844,assailable,vulnerable to attack, , 
845,assimilative,capable of mentally absorbing, , 
846,available,obtainable or accessible and ready for use or service, , 
847,bald,with no effort to conceal, , 
848,barefaced,with no effort to conceal, , 
849,candid,openly straightforward and direct without secretiveness, , 
850,cheerful,pleasantly (even unrealistically) optimistic, , 
851,upbeat,pleasantly optimistic and cheerful, , 
852,affirmative,expecting the best, , 
853,bullish,expecting a rise in prices, , 
854,pollyannaish,pleasantly (even unrealistically) optimistic, , 
855,rose-colored,reflecting optimism, , 
856,rosy,reflecting optimism, , 
857,sanguine,confidently optimistic and cheerful, , 
858,starry-eyed,unrealistically or naively optimistic, , 
859,quiet,characterized by an absence of agitation or activity, , 
860,passive,peacefully resistant in response to injustice, , 
861,peaceable,inclined or disposed to peace, , 
862,pacific,disposed to peace or of a peaceful nature, , 
863,amicable,characterized by friendship and good will, , 
864,dovish,opposed to war or militaristic policies, , 
865,halcyon,idyllically calm and peaceful; suggesting happy tranquility, , 
866,irenic,conducive to peace, , 
867,nonaggressive,not aggressive; not given to fighting or assertiveness, , 
868,nonbelligerent,not directly at war, , 
869,nonviolent,abstaining (on principle) from the use of violence, , 
870,pacifist,opposed to war, , 
871,pacifistic,opposed to war, , 
872,peace-loving,inclined or disposed to peace, , 
873,unaggressive,not aggressive; not given to fighting or assertiveness, , 
874,thoughtful,exhibiting or characterized by careful consideration, , 
875,wistful,showing pensive sadness, , 
876,musing,deeply or seriously thoughtful, , 
877,brooding,deeply or seriously thoughtful, , 
878,broody,deeply or seriously thoughtful, , 
879,contemplative,deeply or seriously thoughtful, , 
880,meditative,deeply or seriously thoughtful, , 
881,pondering,deeply or seriously thoughtful, , 
882,reflective,deeply or seriously thoughtful, , 
883,ruminative,deeply or seriously thoughtful, , 
884,stuck,baffled, , 
885,mazed,perplexed by many conflicting situations or statements, , 
886,metagrabolised,totally perplexed and mixed up, , 
887,metagrabolized,totally perplexed and mixed up, , 
888,metagrobolised,totally perplexed and mixed up, , 
889,metagrobolized,totally perplexed and mixed up, , 
890,mixed-up,perplexed by many conflicting situations or statements, , 
891,mystified,totally perplexed and mixed up, , 
892,wicked,naughtily or annoyingly playful, , 
893,arch,naughtily or annoyingly playful, , 
894,mischievous,naughtily or annoyingly playful, , 
895,mocking,"playfully vexing, especially by ridicule", , 
896,coltish,given to merry frolicking, , 
897,devilish,mischievous in an appealingly bold way, , 
898,elfin,usually good-naturedly mischievous, , 
899,elfish,usually good-naturedly mischievous, , 
900,elvish,usually good-naturedly mischievous, , 
901,frisky,playful like a lively kitten, , 
902,frolicky,given to merry frolicking, , 
903,frolicsome,given to merry play, , 
904,impish,naughtily or annoyingly playful, , 
905,implike,naughtily or annoyingly playful, , 
906,kittenish,playful like a lively kitten, , 
907,pixilated,naughtily or annoyingly playful, , 
908,prankish,naughtily or annoyingly playful, , 
909,puckish,naughtily or annoyingly playful, , 
910,rascally,playful in an appealingly bold way, , 
911,moving,arousing or capable of arousing deep emotion, , 
912,painful,causing physical or psychological pain, , 
913,touching,arousing affect, , 
914,affecting,arousing emotion, , 
915,right,(Southern regional intensive) very; to a great degree, , 
916,strong,having strength or power greater than average or expected, , 
917,mighty,"having or showing great strength, force, or intensity", , 
918,potent,having or wielding force or authority, , 
919,all-powerful,having unlimited power, , 
920,almighty,having unlimited power, , 
921,brawny,possessing physical strength and weight; rugged and powerful, , 
922,coercive,serving or intended to force, , 
923,compelling,driving or forcing, , 
924,effective,producing or capable of producing an intended result, , 
925,effectual,producing or capable of producing an intended result, , 
926,efficacious,producing or capable of producing an intended result, , 
927,hefty,possessing physical strength and weight; rugged and powerful, , 
928,herculean,displaying superhuman strength or power, , 
929,influential,having or exercising power, , 
930,knock-down,strong enough to knock down or overwhelm, , 
931,mightily,(Southern regional intensive) very; to a great degree, , 
932,muscular,possessing physical strength and weight; rugged and powerful, , 
933,omnipotent,having unlimited power, , 
934,puissant,powerful, , 
935,weak,wanting in physical strength, , 
936,feeble,lacking strength, , 
937,helpless,lacking in or deprived of strength or power, , 
938,impotent,lacking power or ability, , 
939,incapacitated,lacking in or deprived of strength or power, , 
940,ineffective,not producing an intended consequence, , 
941,ineffectual,not producing an intended consequence, , 
942,low-powered,having little power to do work, , 
943,nerveless,lacking strength, , 
944,uneffective,not producing an intended effect, , 
945,lofty,having or displaying great dignity or nobility, , 
946,arrogant,having or showing feelings of unwarranted importance, , 
947,beaming,pleased and proud, , 
948,bigheaded,(used colloquially) overly conceited or arrogant, , 
949,boastful,showing excessive self-importance, , 
950,braggart,exhibiting self-importance, , 
951,bragging,exhibiting self-importance, , 
952,braggy,exhibiting self-importance, , 
953,chesty,having or showing feelings of unwarranted importance out of overbearing pride, , 
954,cock-a-hoop,exhibiting self-importance, , 
955,conceited,having an exaggerated sense of self-importance, , 
956,crowing,exhibiting self-importance, , 
957,dignified,having or showing self-esteem, , 
958,egotistic,characteristic of false pride, , 
959,egotistical,characteristic of false pride, , 
960,charged,capable of producing violent emotion or arousing controversy, , 
961,exciting,creating or arousing uncontrolled emotion, , 
962,challenging,disturbingly provocative, , 
963,provoking,causing or tending to cause anger or resentment, , 
964,agitating,causing or tending to cause anger or resentment, , 
965,agitative,causing or tending to cause anger or resentment, , 
966,incendiary,arousing to action or rebellion, , 
967,incitive,arousing to action or rebellion, , 
968,inflammatory,arousing to action or rebellion, , 
969,instigative,arousing to action or rebellion, , 
970,intriguing,disturbingly provocative, , 
971,rabble-rousing,arousing to action or rebellion, , 
972,rousing,giving rise to heightened action as by spurring or goading, , 
973,seditious,arousing to action or rebellion, , 
974,teasing,playfully vexing (especially by ridicule), , 
975,spurned,rebuffed (by a lover) without warning, , 
976,jilted,rebuffed (by a lover) without warning, , 
977,rueful,feeling or expressing pain or sorrow for sins or offenses, , 
978,contrite,feeling or expressing pain or sorrow for sins or offenses, , 
979,ruthful,feeling or expressing pain or sorrow for sins or offenses, , 
980,acrimonious,marked by strong resentment or cynicism, , 
981,rancorous,showing deep-seated resentment, , 
982,reputable,held in high esteem and honor, , 
983,well-thought-of,receiving deferential regard, , 
984,black,harshly ironic or sinister, , 
985,biting,capable of hurting, , 
986,barbed,capable of wounding, , 
987,corrosive,spitefully sarcastic, , 
988,mordacious,capable of wounding, , 
989,mordant,harshly ironic or sinister, , 
990,nipping,capable of wounding, , 
991,pungent,"having a sharp, biting, or caustic quality", , 
992,sardonic,disdainfully or ironically humorous, , 
993,satiric,exposing human folly to ridicule, , 
994,satirical,exposing human folly to ridicule, , 
995,saturnine,bitter or scornful, , 
996,conscious,having awareness of surroundings and sensations and thoughts, , 
997,aware,having or showing knowledge or understanding or realization, , 
998,delicate,of an instrument or device, , 
999,alive,(followed by `to' or `of') aware of, , 
1000,classified,official classification of information or documents, , 
1001,cognisant,(sometimes followed by `of') having or showing knowledge or understanding or realization or perception, , 
1002,cognizant,having or showing knowledge or understanding or realization, , 
1003,feisty,quick to take offense, , 
1004,highly sensitive,readily affected by various agents, , 
1005,light-sensitive,sensitive to visible light, , 
1006,nociceptive,caused by or in response to pain, , 
1007,oversensitive,unduly sensitive or thin-skinned, , 
1008,photosensitive,sensitive to visible light, , 
1009,radiosensitive,sensitive to radiation, , 
1010,raw,hurting, , 
1011,calm,not agitated; without losing self-possession, , 
1012,composed,serenely self-possessed and free from agitation, , 
1013,tranquil,not agitated, , 
1014,unagitated,not agitated; without losing self-possession, , 
1015,incredulous,not disposed or willing to believe; unbelieving, , 
1016,doubting,marked by or given to doubt, , 
1017,sceptical,marked by or given to doubt, , 
1018,disbelieving,denying or questioning the tenets of especially a religion, , 
1019,unbelieving,denying or questioning the tenets of especially a religion, , 
1020,emphatic,spoken with particular stress, , 
1021,distressed,suffering severe physical strain, , 
1022,masculine,(music or poetry) ending on an accented beat or syllable, , 
1023,accented,bearing a stress or accent, , 
1024,emphasised,spoken with emphasis, , 
1025,emphasized,spoken with intensity or forcefulness, , 
1026,obedient,dutifully complying with the commands of those in authority, , 
1027,bowed,showing an excessively deferential manner, , 
1028,subordinate,subject or submissive to authority or the control of another, , 
1029,bowing,showing an excessively deferential manner, , 
1030,cringing,totally submissive, , 
1031,dominated,harassed by persistent nagging, , 
1032,groveling,totally submissive, , 
1033,grovelling,totally submissive, , 
1034,henpecked,harassed by persistent nagging, , 
1035,meek,evidencing little spirit or courage, , 
1036,servile,submissive or fawning in attitude or behavior, , 
1037,slavish,abjectly submissive; characteristic of a servant, , 
1038,subservient,abjectly submissive, , 
1039,unassertive,inclined to timidity or lack of self-confidence, , 
1040,wormlike,totally submissive, , 
1041,wormy,totally submissive, , 
1042,dark,devoid of or deficient in light or brightness, , 
1043,slow,not moving quickly; taking a comparatively long time, , 
1044,sluggish,moving slowly, , 
1045,gloomful,depressingly dark, , 
1046,glooming,depressingly dark, , 
1047,huffish,sullen or moody, , 
1048,suspect,not as expected, , 
1049,funny,not as expected, , 
1050,wary,openly distrustful and unwilling to confide, , 
1051,fishy,creating feelings of suspicion or doubt, , 
1052,leery,openly distrustful and unwilling to confide, , 
1053,mistrustful,openly suspicious, , 
1054,shady,not as expected, , 
1055,untrusting,openly distrustful and unwilling to confide, , 
1056,faint,"lacking conviction, boldness, or courage", , 
1057,fearful,timid by nature or revealing timidity, , 
1058,shy,timid and lacking self-confidence, , 
1059,backward,marked by a retiring nature, , 
1060,bashful,self-consciously timid, , 
1061,cowardly,lacking courage; ignobly timid and faint-hearted, , 
1062,coy,modestly or warily rejecting approaches or overtures, , 
1063,diffident,lacking self-confidence, , 
1064,faint-hearted,lacking conviction or boldness or courage, , 
1065,fainthearted,lacking conviction or boldness or courage, , 
1066,intimidated,made scared or fearful as by threats, , 
1067,mousey,quiet and timid and ineffectual, , 
1068,mousy,"quiet, timid, and ineffectual", , 
1069,timorous,shy and fearful by nature, , 
1070,trepid,timid by nature or revealing timidity, , 
1071,unadventurous,lacking in boldness, , 
1072,futile,unproductive of success, , 
1073,swollen,having an exaggerated sense of self-importance, , 
1074,fruitless,unproductive of success, , 
1075,bootless,unproductive of success, , 
1076,self-conceited,characteristic of false pride, , 
1077,sleeveless,unproductive of success, , 
1078,swollen-headed,characteristic of false pride, , 
1079,unproductive,not producing or capable of producing, , 
1080,used,of persons; taken advantage of, , 
1081,exploited,taken advantage of, , 
1082,ill-used,of persons; taken advantage of, , 
1083,misused,used incorrectly or carelessly or for an improper purpose, , 
1084,put-upon,of persons; taken advantage of, , 
1085,victimised,of persons; taken advantage of, , 
1086,compromising,vulnerable to danger especially of discredit or suspicion, , 
1087,conquerable,subject to being conquered or overcome, , 
1088,defenceless,lacking protection or support, , 
1089,defenseless,lacking protection or support, , 
1090,endangered,in imminent threat of extinction, , 
1091,indefensible,not able to be protected against attack, , 
1092,penetrable,capable of being penetrated, , 
1093,susceptible,yielding readily to or capable of, , 
1094,undefendable,not defended or capable of being defended, , 
1095,undefended,not defended or capable of being defended, , 
1096,under attack,subjected to enemy attack or censure, , 
1097,under fire,subjected to enemy attack or censure, , 
1098,unguarded,lacking protection or a guard, , 
1099,aweary,physically and mentally fatigued, , 
1100,recluse,withdrawn from society; seeking solitude, , 
1101,reclusive,withdrawn from society; seeking solitude, , 
1102,indrawn,tending to reserve or introspection, , 
1103,upset,afflicted with or marked by anxious uneasiness or trouble, , 
1104,apprehensive,mentally upset over possible misfortune or danger, , 
1105,disquieted,afflicted with or marked by anxious uneasiness or trouble or grief, , 
1106,evil,morally bad or wrong, , 
1107,sorry,without merit, , 
1108,wretched,morally reprehensible, , 
1109,ugly,offensive or morally reprehensible, , 
1110,chaffy,value, , 
1111,despicable,morally reprehensible, , 
1112,good-for-naught,without merit, , 
1113,good-for-nothing,without merit, , 
1114,manky,inferior and worthless, , 
1115,meritless,without merit, , 
1116,negligible,not worth considering, , 
1117,no-account,without merit, , 
1118,no-count,without merit, , 
1119,no-good,without merit, , 
1120,nugatory,of no real value, , 
1121,otiose,serving no useful purpose; having no excuse for being, , 
1122,pointless,serving no useful purpose; having no excuse for being, , 
1123,purposeless,serving no useful purpose; having no excuse for being, , 
1124,rubbishy,cheap and inferior; of no value, , 
1125,low-pressure,not forceful, , 
1126,relaxed,without strain or anxiety, , 
1127,unstirred,not agitated by stirring, , 
1128,nonturbulent,(of a liquid) not turbulent, , 
1129,unexcited,not excited, , 
1130,brazen,unrestrained by convention or propriety, , 
1131,shameless,feeling no shame, , 
1132,unabashed,not embarrassed, , 
1133,unblushing,feeling no shame, , 
1134,bodacious,unrestrained by convention or propriety, , 
1135,brazen-faced,unrestrained by convention or propriety, , 
1136,impenitent,not remorseful, , 
1137,unashamed,used of persons or their behavior; feeling no shame, , 
1138,unembarrassed,not embarrassed, , 
1139,unremorseful,not penitent or remorseful, , 
1140,unrepentant,not feeling or expressing remorse, , 
1141,unawed,not awed, , 
1142,pleasant,being in harmony with your taste or likings, , 
1143,nice,pleasant or pleasing or agreeable in nature or appearance, , 
1144,unclouded,not mentally disordered, , 
1145,clearheaded,not mentally confused, , 
1146,craven,lacking even the rudiments of courage; abjectly fearful, , 
1147,chickenhearted,easily frightened, , 
1148,ignoble,dishonorable in character or purpose, , 
1149,lily-livered,easily frightened, , 
1150,poor-spirited,lacking in courage and manly strength and resolution, , 
1151,pusillanimous,"lacking in courage, strength, and resolution", , 
1152,white-livered,easily frightened, , 
1153,yellow-bellied,easily frightened, , 
1154,uncritical,not critical, , 
1155,unscholarly,not scholarly, , 
1156,noncritical,not critical; not at a point of abrupt change, , 
1157,acritical,without a crisis (as of some diseases), , 
1158,respectful,exhibiting an attitude of admiration or esteem, , 
1159,courteous,characterized by politeness and gracious good manners, , 
1160,deferent,showing deference, , 
1161,deferential,showing courteous regard for people's feelings, , 
1162,honorific,conferring or showing esteem or respect, , 
1163,regardful,showing deference, , 
1164,surrounding,closely encircling, , 
1165,at hand,close in space; within reach, , 
1166,adpressed,pressed close to or lying flat against something, , 
1167,ambient,completely enveloping, , 
1168,appressed,pressed close to or lying flat against something, , 
1169,buddy-buddy,(used informally) associated on close terms, , 
1170,circumferent,closely encircling, , 
1171,close at hand,close in space; within reach, , 
1172,close-hauled,having the sails trimmed for sailing as close to the wind as possible, , 
1173,close-knit,"held together tightly, as by social or cultural ties", , 
1174,closely knit,held together as by social or cultural ties, , 
1175,close set,set close together, , 
1176,close-set,set close together, , 
1177,close together,located close together, , 
1178,encompassing,closely encircling, , 
1179,enveloping,surrounding and closing in on or hemming in, , 
1180,hand-to-hand,being at close quarters, , 
1181,imminent,close in time; about to occur, , 
1182,reluctant,not eager, , 
1183,uneager,lacking interest or spirit or animation, , 
1184,full,containing as much or as many as is possible or normal, , 
1185,filled,generously supplied with, , 
1186,loaded,filled with a great quantity, , 
1187,laden,filled with a great quantity, , 
1188,air-filled,full of air, , 
1189,awash,covered with water, , 
1190,brimful,filled to capacity, , 
1191,brimfull,filled to capacity, , 
1192,brimming,filled to capacity, , 
1193,chockablock,packed full to capacity, , 
1194,chockful,packed full to capacity, , 
1195,chock-full,packed full to capacity, , 
1196,choke-full,packed full to capacity, , 
1197,chuck-full,packed full to capacity, , 
1198,congested,overfull as with blood, , 
1199,cram full,packed full to capacity, , 
1200,egg-filled,full of eggs, , 
1201,engorged,overfull as with blood, , 
1202,flooded,covered with water, , 
1203,fraught,filled with or attended with, , 
1204,languid,lacking spirit or liveliness, , 
1205,inactive,not engaged physically or mentally, , 
1206,groggy,stunned or confused and slow to react, , 
1207,languorous,lacking spirit or liveliness, , 
1208,logy,sluggish and slow to react, , 
1209,stuporous,stunned or confused and slow to react, , 
1210,innocent,free from evil or guilt, , 
1211,acquitted,declared not guilty of a specific offense or crime, , 
1212,not guilty,declared not guilty of a specific offense or crime, , 
1213,blameless,free of guilt; not subject to blame, , 
1214,absolved,freed from any question of guilt, , 
1215,exculpated,freed from any question of guilt, , 
1216,exculpatory,clearing of guilt or blame, , 
1217,exonerated,freed from any question of guilt, , 
1218,inculpable,free of guilt; not subject to blame, , 
1219,irreproachable,free of guilt; not subject to blame, , 
1220,vindicated,freed from any question of guilt, , 
1221,lovely,lovable especially in a childlike or naive way, , 
1222,desirable,worth having or seeking or achieving, , 
1223,adorable,lovable especially in a childlike or naive way, , 
1224,cherubic,having a sweet nature befitting an angel, , 
1225,cuddlesome,inviting cuddling or hugging, , 
1226,cuddly,inviting cuddling or hugging, , 
1227,endearing,lovable especially in a childlike or naive way, , 
1228,seraphic,having a sweet nature befitting an angel, , 
1229,impossible,not capable of happening or being done or dealt with, , 
1230,forlorn,marked by or showing hopelessness, , 
1231,despairing,arising from or marked by despair or loss of hope, , 
1232,discouraging,depriving of confidence or hope or enthusiasm and hence often deterring action, , 
1233,futureless,having no prospect or hope of a future, , 
1234,pessimistic,expecting the worst possible outcome, , 
1235,unhopeful,showing utter resignation or hopelessness, , 
1236,unthreatening,not unfriendly or threatening, , 
1237,well-disposed,inclined to help or support; not antagonistic or hostile, , 
1238,well-meaning,not unfriendly or threatening, , 
1239,petty,small and of little importance, , 
1240,fiddling,(informal) small and of little importance, , 
1241,footling,(informal) small and of little importance, , 
1242,inconsequent,lacking worth or importance, , 
1243,inconsequential,lacking worth or importance, , 
1244,niggling,(informal) small and of little importance, , 
1245,noncrucial,of little importance; not decisive, , 
1246,picayune,small and of little importance, , 
1247,piddling,(informal) small and of little importance, , 
1248,piffling,(informal) small and of little importance, , 
1249,small-time,of minor importance, , 
1250,satisfactory,giving contentment, , 
1251,adequate,having the requisite qualities or resources to meet a task, , 
1252,equal to,having the requisite qualities for, , 
1253,adequate to,having the requisite qualities for, , 
1254,best,having the most positive qualities, , 
1255,greatest,highest in quality, , 
1256,excellent,very good; of the highest quality, , 
1257,superior,of high quality or performance, , 
1258,adscript,written or printed immediately following another character and aligned with it, , 
1259,A-one,of the highest quality, , 
1260,blue-ribbon,selected or chosen for special qualifications, , 
1261,condescending,characteristic of those who treat others with arrogance, , 
1262,fantabulous,very good;of the highest quality, , 
1263,first-class,very good;of the highest quality, , 
1264,first-rate,of the highest quality, , 
1265,high-level,at an elevated level in rank or importance, , 
1266,high-performance,modified to give superior performance, , 
1267,high-ranking,at an elevated level in rank or importance, , 
1268,olympian,majestic in manner or bearing; superior to mundane matters, , 
1269,patronising,characteristic of those who treat others with condescension, , 
1270,patronizing,characteristic of those who treat others with arrogance, , 
1271,preeminent,"greatest in importance, degree, or significance", , 
1272,premium,having or reflecting superior quality or value, , 
1273,secure,free from danger or risk, , 
1274,safe,free from danger or the risk of harm, , 
1275,steady,securely in position; not shaky, , 
1276,protected,kept safe or defended from danger or injury or loss, , 
1277,invulnerable,immune to attack; impregnable, , 
1278,significant,important in effect or meaning, , 
1279,operative,producing a desired effect, , 
1280,momentous,of very great significance, , 
1281,monumental,of outstanding significance, , 
1282,epochal,"highly significant, especially bringing about a new era", , 
1283,epoch-making,highly significant or important especially bringing about or marking the beginning of a new development or era, , 
1284,evidential,serving as or based on proof, , 
1285,evidentiary,serving as or based on evidence, , 
1286,meaningful,having a purpose, , 
1287,of import,of great significance or value, , 
1288,portentous,of momentous or ominous significance, , 
1289,probative,tending to prove a proposition or allegation, , 
1290,probatory,tending to prove a particular proposition or to persuade you of the truth of an allegation, , 
1291,world-shaking,sufficiently significant to affect the whole world, , 
1292,world-shattering,sufficiently significant to affect the whole world, , 
1293,dismissive,showing indifference or disregard, , 
1294,unhappy,experiencing or marked by or causing sadness or sorrow or discontent, , 
1295,mournful,expressing sorrow, , 
1296,anguished,experiencing intense pain especially mental pain, , 
1297,bereaved,sorrowful through loss or deprivation, , 
1298,brokenhearted,full of sorrow, , 
1299,grief-stricken,sorrowful through loss or deprivation, , 
1300,grieving,sorrowful through loss or deprivation, , 
1301,heartbreaking,causing or marked by grief or anguish, , 
1302,heartbroken,full of sorrow, , 
1303,heartrending,causing or marked by grief or anguish, , 
1304,joyless,not experiencing or inspiring joy, , 
1305,lamenting,vocally expressing grief or sorrow or resembling such expression, , 
1306,lugubrious,excessively mournful, , 
1307,plaintive,expressing sorrow, , 
1308,nonjudgmental,refraining from making judgments especially ones based on personal opinions or standards, , 
1309,loveless,without love, , 
1310,unromantic,neither expressive of nor exciting sexual love or romance, , 
1311,unloving,not giving or reciprocating affection, , 
1312,coldhearted,lacking in sympathy or feeling, , 
1313,unaffectionate,lacking affection or warm feeling, , 
1314,closed,not open, , 
1315,shut,not open, , 
1316,invisible,impossible or nearly impossible to see, , 
1317,sealed,closed or secured, , 
1318,backstair,secret and sly or sordid, , 
1319,behind-the-scenes,designed and carried out secretly or confidentially, , 
1320,blinking,closing the eyes intermittently and rapidly, , 
1321,clandestine,conducted with or marked by hidden aims or methods, , 
1322,cloak-and-dagger,conducted with or marked by hidden aims or methods, , 
1323,collusive,acting together in secret toward a fraudulent or illegal end, , 
1324,compressed,pressed tightly together, , 
1325,conniving,acting together in secret toward a fraudulent or illegal end, , 
1326,covert,secret or hidden, , 
1327,disguised,having its true character concealed with the intent of misleading, , 
1328,furtive,secret and sly, , 
1329,hush-hush,conducted with or marked by hidden aims or methods, , 
1330,implicit,suggested though not directly expressed, , 
1331,inexplicit,implied though not directly expressed, , 
1332,nonopening,not open; not opening, , 
1333,negative,characterized by denial or opposition or resistance, , 
1334,disheartened,made less hopeful or enthusiastic, , 
1335,bearish,expecting prices to fall, , 
1336,demoralised,made less hopeful or enthusiastic, , 
1337,demoralized,made less hopeful or enthusiastic, , 
1338,hawkish,disposed to warfare or hard-line policies, , 
1339,unpeaceable,not disposed to peace, , 
1340,unpeaceful,not peaceful, , 
1341,warlike,disposed to warfare or hard-line policies, , 
1342,war-ridden,engaged in war, , 
1343,warring,engaged in war, , 
1344,unperplexed,experiencing no difficulty or confusion or bewilderment, , 
1345,unconfused,not perplexed by conflicting situations or statements, , 
1346,unbaffled,not perplexed by conflicting situations or statements, , 
1347,unplayful,completely lacking in playfulness, , 
1348,regnant,exercising power or authority, , 
1349,reigning,exercising power or authority, , 
1350,ruling,exercising power or authority, , 
1351,mild,humble in spirit or manner, , 
1352,modest,marked by simplicity; having a humble opinion of yourself, , 
1353,unexciting,not exciting, , 
1354,unprovocative,not provocative, , 
1355,noninflammatory,not inflammatory, , 
1356,unresentful,not resentful, , 
1357,unbitter,having or showing no resentment or desire for revenge, , 
1358,unsarcastic,not sarcastic, , 
1359,unconscious,lacking awareness and the capacity for sensory perception, , 
1360,insensible,incapable of physical feeling, , 
1361,unaware,not having or showing knowledge or understanding, , 
1362,numb,lacking sensation, , 
1363,benumbed,lacking sensation, , 
1364,callous,emotionally hardened, , 
1365,deadened,devoid of physical sensation; numb, , 
1366,incognizant,(often followed by `of') not aware, , 
1367,insensitive,not noticing or caring about the feelings or needs of others, , 
1368,insusceptible,not able or likely to be affected by something, , 
1369,soulless,lacking sensitivity or the capacity for deep feeling, , 
1370,thick-skinned,insensitive to criticism, , 
1371,tough-skinned,insensitive to criticism, , 
1372,unresponsive,not reacting to some influence or stimulus, , 
1373,unsusceptible,not susceptible to, , 
1374,unaccented,pronounced with little or no stress, , 
1375,unemphatic,not emphasized, , 
1376,unstressed,not bearing an accent, , 
1377,cavalier,showing a lack of concern or seriousness, , 
1378,dominating,offensively self-assured or exercising unwarranted power, , 
1379,domineering,tending to rule in a cruel manner, , 
1380,high-handed,given to haughty disregard of others, , 
1381,bossy,offensively self-assured or exercising unwarranted power, , 
1382,high-and-mighty,offensively self-assured or given to exercising usually unwarranted power, , 
1383,tyrannous,"marked by unjust severity, cruelty, or arbitrary behavior", , 
1384,dauntless,invulnerable to fear or intimidation, , 
1385,emboldened,made bold or courageous, , 
1386,foolhardy,marked by defiant disregard for danger or consequences, , 
1387,heroical,having or displaying qualities appropriate for heroes, , 
1388,intrepid,invulnerable to fear or intimidation, , 
1389,overreaching,revealing excessive self-confidence, , 
1390,overvaliant,having or showing undue valor or boldness, , 
1391,reckless,marked by defiant disregard for danger or consequences, , 
1392,sheltered,protected from danger or bad weather, , 
1393,bombproof,able to resist the explosive force of bombs and shells, , 
1394,defendable,capable of being defended, , 
1395,defensible,capable of being justified or protected, , 
1396,entrenched,dug in, , 
1397,impregnable,incapable of being attacked or tampered with, , 
1398,shellproof,able to resist the explosive force of bombs and shells, , 
1399,unattackable,immune to attack; incapable of being tampered with, , 
1400,unconquerable,not capable of being conquered or vanquished or overcome, , 
1401,valuable,having great material or monetary worth, , 
1402,precious,of high worth or cost, , 
1403,expensive,high in price or charging high prices, , 
1404,invaluable,having incalculable monetary or intellectual worth, , 
1405,blue-chip,extremely valuable, , 
1406,priceless,"of incalculable monetary, intellectual, or spiritual worth", , 
1407,semiprecious,used of gemstones having less commercial value than precious stones, , 
